Model,Accuracy,Precision,Recall,F1
Random Forest,0.856587988182532,0.856587988182532,0.856587988182532,0.856587988182532
XGBoost,0.8363206820213935,0.8363206820213935,0.8363206820213935,0.8363206820213935
Decision Tree,0.7778384560081889,0.7778384560081889,0.7778384560081889,0.7778384560081889
Gradient Boosting,0.7655639743385299,0.7655639743385299,0.7655639743385299,0.7655639743385299
Ada Boost,0.26672963002405886,0.26672963002405886,0.26672963002405886,0.26672963002405886
Extra Tree,0.7326791302796994,0.7326791302796994,0.7326791302796994,0.7326791302796994
